Epochs,Val_Loss,learning_rate
2,0.14862784854892008,0.005516250028242762
