Epochs,Val_Loss,learning_rate
6,0.1386746038223687,0.0033451854991893254
