Epochs,Val_Loss,learning_rate
3,0.21172293446483617,0.008230437709755064
